name,team,position,wc2026
Raul Rangel,Mexico,Goalkeeper,True
Carlos Acevedo,Mexico,Goalkeeper,True
Guillermo Ochoa,Mexico,Goalkeeper,True
Jorge Sanchez,Mexico,Defender,True
Cesar Montes,Mexico,Defender,True
Edson Alvarez,Mexico,Defender,True
Johan Vasquez,Mexico,Defender,True
Israel Reyes,Mexico,Defender,True
Mateo Chavez,Mexico,Defender,True
Jesus Gallardo,Mexico,Defender,True
Erik Lira,Mexico,Midfield,True
Luis Romo,Mexico,Midfield,True
Alvaro Fidalgo,Mexico,Midfield,True
Orbelin Pineda,Mexico,Midfield,True
Obed Vargas,Mexico,Midfield,True
Gilberto Mora,Mexico,Midfield,True
Luis Chavez,Mexico,Midfield,True
Roberto Alvarado,Mexico,Midfield,True
Brian Gutierrez,Mexico,Midfield,True
Raul Jimenez,Mexico,Attack,True
Alexis Vega,Mexico,Attack,True
Santiago Gimenez,Mexico,Attack,True
Armando Gonzalez,Mexico,Attack,True
Julian Quinones,Mexico,Attack,True
Cesar Huerta,Mexico,Attack,True
Guillermo Martinez,Mexico,Attack,True
Ronwen Williams,South Africa,Goalkeeper,True
Sipho Chaine,South Africa,Goalkeeper,True
Ricardo Goss,South Africa,Goalkeeper,True
Thabang Matuludi,South Africa,Defender,True
Khulumani Ndamane,South Africa,Defender,True
Aubrey Modiba,South Africa,Defender,True
Mbekezeli Mbokazi,South Africa,Defender,True
Samukele Kabini,South Africa,Defender,True
Nkosinathi Sibisi,South Africa,Defender,True
Khuliso Mudau,South Africa,Defender,True
Ime Okon,South Africa,Defender,True
Olwethu Makhanya,South Africa,Defender,True
Bradley Cross,South Africa,Defender,True
Teboho Mokoena,South Africa,Midfield,True
Thalente Mbatha,South Africa,Midfield,True
Tshepang Moremi,South Africa,Midfield,True
Themba Zwane,South Africa,Midfield,True
Sphephelo Sithole,South Africa,Midfield,True
Jayden Adams,South Africa,Midfield,True
Oswin Appollis,South Africa,Attack,True
Lyle Foster,South Africa,Attack,True
Relebohile Mofokeng,South Africa,Attack,True
Thapelo Maseko,South Africa,Attack,True
Iqraam Rayners,South Africa,Attack,True
Evidence Makgopa,South Africa,Attack,True
Kamogelo Sebelebele,South Africa,Attack,True
Kim Seung-gyu,South Korea,Goalkeeper,True
Song Bum-keun,South Korea,Goalkeeper,True
Jo Hyeon-woo,South Korea,Goalkeeper,True
Lee Han-beom,South Korea,Defender,True
Kim Min-jae,South Korea,Defender,True
Kim Tae-hyeon,South Korea,Defender,True
Lee Tae-seok,South Korea,Defender,True
Cho Wi-je,South Korea,Defender,True
Kim Moon-hwan,South Korea,Defender,True
Park Jin-seob,South Korea,Defender,True
Seol Young-woo,South Korea,Defender,True
Jens Castrop,South Korea,Defender,True
Lee Ki-hyuk,South Korea,Midfield,True
Hwang In-beom,South Korea,Midfield,True
Paik Seung-ho,South Korea,Midfield,True
Lee Jae-sung,South Korea,Midfield,True
Hwang Hee-chan,South Korea,Midfield,True
Bae Jun-ho,South Korea,Midfield,True
Lee Kang-in,South Korea,Midfield,True
Yang Hyun-jun,South Korea,Midfield,True
Kim Jin-gyu,South Korea,Midfield,True
Eom Ji-sung,South Korea,Midfield,True
Lee Dong-gyeong,South Korea,Midfield,True
Son Heung-min,South Korea,Attack,True
Cho Gue-sung,South Korea,Attack,True
Oh Hyeon-gyu,South Korea,Attack,True
Matej Kovar,Czech Republic,Goalkeeper,True
Jindrich Stanek,Czech Republic,Goalkeeper,True
Lukas Hornicek,Czech Republic,Goalkeeper,True
David Zima,Czech Republic,Defender,True
Tomas Holes,Czech Republic,Defender,True
Robin Hranac,Czech Republic,Defender,True
Vladimir Coufal,Czech Republic,Defender,True
Stepan Chaloupek,Czech Republic,Defender,True
Ladislav Krejci,Czech Republic,Defender,True
David Jurasek,Czech Republic,Defender,True
Jaroslav Zeleny,Czech Republic,Defender,True
David Doudera,Czech Republic,Defender,True
Vladimir Darida,Czech Republic,Midfield,True
Lukas Cerv,Czech Republic,Midfield,True
Lukas Provod,Czech Republic,Midfield,True
Michal Sadilek,Czech Republic,Midfield,True
Tomas Soucek,Czech Republic,Midfield,True
Alexandr Sojka,Czech Republic,Midfield,True
Hugo Sochurek,Czech Republic,Midfield,True
Denis Visinsky,Czech Republic,Midfield,True
Adam Hlozek,Czech Republic,Attack,True
Patrik Schick,Czech Republic,Attack,True
Jan Kuchta,Czech Republic,Attack,True
Mojmir Chytil,Czech Republic,Attack,True
Pavel Sulc,Czech Republic,Attack,True
Tomas Chory,Czech Republic,Attack,True
Dayne St. Clair,Canada,Goalkeeper,True
Maxime Crepeau,Canada,Goalkeeper,True
Owen Goodman,Canada,Goalkeeper,True
Alistair Johnston,Canada,Defender,True
Alfie Jones,Canada,Defender,True
Luc de Fougerolles,Canada,Defender,True
Joel Waterman,Canada,Defender,True
Derek Cornelius,Canada,Defender,True
Moise Bombito,Canada,Defender,True
Alphonso Davies,Canada,Defender,True
Richie Laryea,Canada,Defender,True
Niko Sigur,Canada,Defender,True
Mathieu Choiniere,Canada,Midfield,True
Stephen Eustaquio,Canada,Midfield,True
Ismael Kone,Canada,Midfield,True
Liam Millar,Canada,Midfield,True
Jacob Shaffelburg,Canada,Midfield,True
Tajon Buchanan,Canada,Midfield,True
Ali Ahmed,Canada,Midfield,True
Jonathan Osorio,Canada,Midfield,True
Nathan Saliba,Canada,Midfield,True
Marcelo Flores,Canada,Midfield,True
Cyle Larin,Canada,Attack,True
Jonathan David,Canada,Attack,True
Tani Oluwaseyi,Canada,Attack,True
Promise David,Canada,Attack,True
Nikola Vasilj,Bosnia and Herzegovina,Goalkeeper,True
Mladen Jurkas,Bosnia and Herzegovina,Goalkeeper,True
Martin Zlomislic,Bosnia and Herzegovina,Goalkeeper,True
Nihad Mujakic,Bosnia and Herzegovina,Defender,True
Dennis Hadzikadunic,Bosnia and Herzegovina,Defender,True
Tarik Muharemovic,Bosnia and Herzegovina,Defender,True
Sead Kolasinac,Bosnia and Herzegovina,Defender,True
Amar Dedic,Bosnia and Herzegovina,Defender,True
Nikola Katic,Bosnia and Herzegovina,Defender,True
Stjepan Radeljic,Bosnia and Herzegovina,Defender,True
Nidal Celik,Bosnia and Herzegovina,Defender,True
Benjamin Tahirovic,Bosnia and Herzegovina,Midfield,True
Armin Gigovic,Bosnia and Herzegovina,Midfield,True
Ivan Basic,Bosnia and Herzegovina,Midfield,True
Ivan Sunjic,Bosnia and Herzegovina,Midfield,True
Amar Memic,Bosnia and Herzegovina,Midfield,True
Amir Hadziahmetovic,Bosnia and Herzegovina,Midfield,True
Dzenis Burnic,Bosnia and Herzegovina,Midfield,True
Ermin Mahmic,Bosnia and Herzegovina,Midfield,True
Samed Bazdar,Bosnia and Herzegovina,Attack,True
Ermedin Demirovic,Bosnia and Herzegovina,Attack,True
Edin Dzeko,Bosnia and Herzegovina,Attack,True
Kerim Alajbegovic,Bosnia and Herzegovina,Attack,True
Esmir Bajraktarevic,Bosnia and Herzegovina,Attack,True
Haris Tabakovic,Bosnia and Herzegovina,Attack,True
Jovo Lukic,Bosnia and Herzegovina,Attack,True
Mahmud Abunada,Qatar,Goalkeeper,True
Salah Zakaria,Qatar,Goalkeeper,True
Meshaal Barsham,Qatar,Goalkeeper,True
Pedro Miguel,Qatar,Defender,True
Lucas Mendes,Qatar,Defender,True
Issa Laye,Qatar,Defender,True
Ayoub Al-Oui,Qatar,Defender,True
Homam Ahmed,Qatar,Defender,True
Boualem Khoukhi,Qatar,Defender,True
Sultan Al-Brake,Qatar,Defender,True
Al-Hashmi Al-Hussain,Qatar,Defender,True
Jassem Gaber,Qatar,Midfield,True
Abdulaziz Hatem,Qatar,Midfield,True
Karim Boudiaf,Qatar,Midfield,True
Ahmed Fathy,Qatar,Midfield,True
Assim Madibo,Qatar,Midfield,True
Mohamed Al-Mannai,Qatar,Midfield,True
Ahmed Alaaeldin,Qatar,Attack,True
Edmilson Junior,Qatar,Attack,True
Mohammed Muntari,Qatar,Attack,True
Hassan Al-Haydos,Qatar,Attack,True
Akram Afif,Qatar,Attack,True
Yusuf Abdurisag,Qatar,Attack,True
Ahmed Al-Ganehi,Qatar,Attack,True
Almoez Ali,Qatar,Attack,True
Tahsin Jamshid,Qatar,Attack,True
Gregor Kobel,Switzerland,Goalkeeper,True
Yvon Mvogo,Switzerland,Goalkeeper,True
Marvin Keller,Switzerland,Goalkeeper,True
Miro Muheim,Switzerland,Defender,True
Silvan Widmer,Switzerland,Defender,True
Nico Elvedi,Switzerland,Defender,True
Manuel Akanji,Switzerland,Defender,True
Ricardo Rodriguez,Switzerland,Defender,True
Eray Comert,Switzerland,Defender,True
Aurele Amenda,Switzerland,Defender,True
Luca Jaquez,Switzerland,Defender,True
Denis Zakaria,Switzerland,Midfield,True
Remo Freuler,Switzerland,Midfield,True
Johan Manzambi,Switzerland,Midfield,True
Granit Xhaka,Switzerland,Midfield,True
Ardon Jashari,Switzerland,Midfield,True
Djibril Sow,Switzerland,Midfield,True
Christian Fassnacht,Switzerland,Midfield,True
Michel Aebischer,Switzerland,Midfield,True
Fabian Rieder,Switzerland,Midfield,True
Breel Embolo,Switzerland,Attack,True
Dan Ndoye,Switzerland,Attack,True
Ruben Vargas,Switzerland,Attack,True
Noah Okafor,Switzerland,Attack,True
Zeki Amdouni,Switzerland,Attack,True
Cedric Itten,Switzerland,Attack,True
Alisson,Brazil,Goalkeeper,True
Weverton,Brazil,Goalkeeper,True
Ederson,Brazil,Goalkeeper,True
Wesley,Brazil,Defender,True
Gabriel Magalhaes,Brazil,Defender,True
Marquinhos,Brazil,Defender,True
Alex Sandro,Brazil,Defender,True
Danilo Luiz,Brazil,Defender,True
Bremer,Brazil,Defender,True
Leo Pereira,Brazil,Defender,True
Douglas Santos,Brazil,Defender,True
Roger Ibanez,Brazil,Defender,True
Casemiro,Brazil,Midfield,True
Bruno Guimaraes,Brazil,Midfield,True
Fabinho,Brazil,Midfield,True
Danilo Santos,Brazil,Midfield,True
Lucas Paqueta,Brazil,Midfield,True
Vinicius Junior,Brazil,Attack,True
Matheus Cunha,Brazil,Attack,True
Neymar,Brazil,Attack,True
Raphinha,Brazil,Attack,True
Endrick,Brazil,Attack,True
Luiz Henrique,Brazil,Attack,True
Gabriel Martinelli,Brazil,Attack,True
Igor Thiago,Brazil,Attack,True
Rayan,Brazil,Attack,True
Yassine Bounou,Morocco,Goalkeeper,True
Munir Mohamedi,Morocco,Goalkeeper,True
Ahmed Reda Tagnaouti,Morocco,Goalkeeper,True
Achraf Hakimi,Morocco,Defender,True
Noussair Mazraoui,Morocco,Defender,True
Nayef Aguerd,Morocco,Defender,True
Zakaria El Ouahdi,Morocco,Defender,True
Issa Diop,Morocco,Defender,True
Chadi Riad,Morocco,Defender,True
Youssef Belammari,Morocco,Defender,True
Redouane Halhal,Morocco,Defender,True
Anass Salah-Eddine,Morocco,Defender,True
Sofyan Amrabat,Morocco,Midfield,True
Ayyoub Bouaddi,Morocco,Midfield,True
Chemsdine Talbi,Morocco,Midfield,True
Azzedine Ounahi,Morocco,Midfield,True
Ismael Saibari,Morocco,Midfield,True
Samir El Mourabet,Morocco,Midfield,True
Gessime Yassine,Morocco,Midfield,True
Bilal El Khannouss,Morocco,Midfield,True
Neil El Aynaoui,Morocco,Midfield,True
Soufiane Rahimi,Morocco,Attack,True
Brahim Diaz,Morocco,Attack,True
Abde Ezzalzouli,Morocco,Attack,True
Ayoub El Kaabi,Morocco,Attack,True
Ayoube Amaimouni,Morocco,Attack,True
Johny Placide,Haiti,Goalkeeper,True
Alexandre Pierre,Haiti,Goalkeeper,True
Josue Duverger,Haiti,Goalkeeper,True
Carlens Arcus,Haiti,Defender,True
Keeto Thermoncy,Haiti,Defender,True
Ricardo Ade,Haiti,Defender,True
Hannes Delcroix,Haiti,Defender,True
Martin Experience,Haiti,Defender,True
Duke Lacroix,Haiti,Defender,True
Jean-Kevin Duverne,Haiti,Defender,True
Wilguens Paugain,Haiti,Defender,True
Carl Sainte,Haiti,Midfield,True
Jean-Ricner Bellegarde,Haiti,Midfield,True
Leverton Pierre,Haiti,Midfield,True
Danley Jean Jacques,Haiti,Midfield,True
Dominique Simon,Haiti,Midfield,True
Woodensky Pierre,Haiti,Midfield,True
Derrick Etienne Jr.,Haiti,Attack,True
Duckens Nazon,Haiti,Attack,True
Louicius Deedson,Haiti,Attack,True
Ruben Providence,Haiti,Attack,True
Lenny Joseph,Haiti,Attack,True
Wilson Isidor,Haiti,Attack,True
Yassin Fortune,Haiti,Attack,True
Frantzdy Pierrot,Haiti,Attack,True
Josue Casimir,Haiti,Attack,True
Angus Gunn,Scotland,Goalkeeper,True
Liam Kelly,Scotland,Goalkeeper,True
Craig Gordon,Scotland,Goalkeeper,True
Aaron Hickey,Scotland,Defender,True
Andy Robertson,Scotland,Defender,True
Grant Hanley,Scotland,Defender,True
Kieran Tierney,Scotland,Defender,True
Jack Hendry,Scotland,Defender,True
John Souttar,Scotland,Defender,True
Dom Hyam,Scotland,Defender,True
Nathan Patterson,Scotland,Defender,True
Anthony Ralston,Scotland,Defender,True
Scott McKenna,Scotland,Defender,True
Scott McTominay,Scotland,Midfield,True
John McGinn,Scotland,Midfield,True
Tyler Fletcher,Scotland,Midfield,True
Ryan Christie,Scotland,Midfield,True
Lewis Ferguson,Scotland,Midfield,True
Kenny McLean,Scotland,Midfield,True
Lyndon Dykes,Scotland,Attack,True
Che Adams,Scotland,Attack,True
Ross Stewart,Scotland,Attack,True
Ben Gannon-Doak,Scotland,Attack,True
George Hirst,Scotland,Attack,True
Lawrence Shankland,Scotland,Attack,True
Findlay Curtis,Scotland,Attack,True
Matt Turner,United States,Goalkeeper,True
Matt Freese,United States,Goalkeeper,True
Chris Brady,United States,Goalkeeper,True
Sergino Dest,United States,Defender,True
Chris Richards,United States,Defender,True
Antonee Robinson,United States,Defender,True
Auston Trusty,United States,Defender,True
Miles Robinson,United States,Defender,True
Tim Ream,United States,Defender,True
Alex Freeman,United States,Defender,True
Max Arfsten,United States,Defender,True
Mark McKenzie,United States,Defender,True
Joe Scally,United States,Defender,True
Tyler Adams,United States,Midfield,True
Gio Reyna,United States,Midfield,True
Weston McKennie,United States,Midfield,True
Sebastian Berhalter,United States,Midfield,True
Cristian Roldan,United States,Midfield,True
Malik Tillman,United States,Midfield,True
Ricardo Pepi,United States,Attack,True
Christian Pulisic,United States,Attack,True
Brenden Aaronson,United States,Attack,True
Haji Wright,United States,Attack,True
Folarin Balogun,United States,Attack,True
Tim Weah,United States,Attack,True
Alejandro Zendejas,United States,Attack,True
Gatito Fernandez,Paraguay,Goalkeeper,True
Orlando Gill,Paraguay,Goalkeeper,True
Gaston Olveira,Paraguay,Goalkeeper,True
Gustavo Velazquez,Paraguay,Defender,True
Omar Alderete,Paraguay,Defender,True
Juan Caceres,Paraguay,Defender,True
Fabian Balbuena,Paraguay,Defender,True
Junior Alonso,Paraguay,Defender,True
Jose Canale,Paraguay,Defender,True
Gustavo Gomez,Paraguay,Defender,True
Alexandro Maidana,Paraguay,Defender,True
Ramon Sosa,Paraguay,Midfield,True
Diego Gomez,Paraguay,Midfield,True
Miguel Almiron,Paraguay,Midfield,True
Mauricio,Paraguay,Midfield,True
Andres Cubas,Paraguay,Midfield,True
Damian Bobadilla,Paraguay,Midfield,True
Braian Ojeda,Paraguay,Midfield,True
Matias Galarza,Paraguay,Midfield,True
Antonio Sanabria,Paraguay,Attack,True
Kaku,Paraguay,Attack,True
Alex Arce,Paraguay,Attack,True
Julio Enciso,Paraguay,Attack,True
Gabriel Avalos,Paraguay,Attack,True
Gustavo Caballero,Paraguay,Attack,True
Isidro Pitta,Paraguay,Attack,True
Mathew Ryan,Australia,Goalkeeper,True
Paul Izzo,Australia,Goalkeeper,True
Patrick Beach,Australia,Goalkeeper,True
Milos Degenek,Australia,Defender,True
Alessandro Circati,Australia,Defender,True
Jacob Italiano,Australia,Defender,True
Jordan Bos,Australia,Defender,True
Jason Geria,Australia,Defender,True
Kai Trewin,Australia,Defender,True
Aziz Behich,Australia,Defender,True
Harry Souttar,Australia,Defender,True
Cameron Burgess,Australia,Defender,True
Lucas Herrington,Australia,Defender,True
Connor Metcalfe,Australia,Midfield,True
Ajdin Hrustic,Australia,Midfield,True
Aiden O'Neill,Australia,Midfield,True
Cameron Devlin,Australia,Midfield,True
Jackson Irvine,Australia,Midfield,True
Paul Okon-Engstler,Australia,Midfield,True
Mathew Leckie,Australia,Attack,True
Mohamed Toure,Australia,Attack,True
Awer Mabil,Australia,Attack,True
Nestory Irankunda,Australia,Attack,True
Cristian Volpato,Australia,Attack,True
Nishan Velupillay,Australia,Attack,True
Tete Yengi,Australia,Attack,True
Mert Gunok,Turkey,Goalkeeper,True
Altay Bayindir,Turkey,Goalkeeper,True
Ugurcan Cakir,Turkey,Goalkeeper,True
Zeki Celik,Turkey,Defender,True
Merih Demiral,Turkey,Defender,True
Caglar Soyuncu,Turkey,Defender,True
Eren Elmali,Turkey,Defender,True
Abdulkerim Bardakci,Turkey,Defender,True
Ozan Kabak,Turkey,Defender,True
Mert Muldur,Turkey,Defender,True
Ferdi Kadioglu,Turkey,Defender,True
Samet Akaydin,Turkey,Defender,True
Salih Ozcan,Turkey,Midfield,True
Orkun Kokcu,Turkey,Midfield,True
Hakan Calhanoglu,Turkey,Midfield,True
Ismail Yuksek,Turkey,Midfield,True
Kaan Ayhan,Turkey,Midfield,True
Kerem Akturkoglu,Turkey,Attack,True
Arda Guler,Turkey,Attack,True
Deniz Gul,Turkey,Attack,True
Kenan Yildiz,Turkey,Attack,True
Irfan Can Kahveci,Turkey,Attack,True
Yunus Akgun,Turkey,Attack,True
Baris Alper Yilmaz,Turkey,Attack,True
Oguz Aydin,Turkey,Attack,True
Can Uzun,Turkey,Attack,True
Manuel Neuer,Germany,Goalkeeper,True
Oliver Baumann,Germany,Goalkeeper,True
Alexander Nubel,Germany,Goalkeeper,True
Antonio Rudiger,Germany,Defender,True
Waldemar Anton,Germany,Defender,True
Jonathan Tah,Germany,Defender,True
Nico Schlotterbeck,Germany,Defender,True
Nathaniel Brown,Germany,Defender,True
David Raum,Germany,Defender,True
Malick Thiaw,Germany,Defender,True
Aleksandar Pavlovic,Germany,Midfield,True
Joshua Kimmich,Germany,Midfield,True
Leon Goretzka,Germany,Midfield,True
Jamie Leweling,Germany,Midfield,True
Jamal Musiala,Germany,Midfield,True
Pascal Gross,Germany,Midfield,True
Angelo Stiller,Germany,Midfield,True
Florian Wirtz,Germany,Midfield,True
Leroy Sane,Germany,Midfield,True
Nadiem Amiri,Germany,Midfield,True
Felix Nmecha,Germany,Midfield,True
Assan Ouedraogo,Germany,Midfield,True
Kai Havertz,Germany,Attack,True
Nick Woltemade,Germany,Attack,True
Maximilian Beier,Germany,Attack,True
Deniz Undav,Germany,Attack,True
Eloy Room,Curaçao,Goalkeeper,True
Tyrick Bodak,Curaçao,Goalkeeper,True
Trevor Doornbusch,Curaçao,Goalkeeper,True
Shurandy Sambo,Curaçao,Defender,True
Jurien Gaari,Curaçao,Defender,True
Roshon van Ejima,Curaçao,Defender,True
Sherel Floranus,Curaçao,Defender,True
Armando Obispo,Curaçao,Defender,True
Joshua Brenet,Curaçao,Defender,True
Riechedly Bazoer,Curaçao,Defender,True
Deveron Fonville,Curaçao,Defender,True
Godfried Roemeratoe,Curaçao,Midfield,True
Juninho Bacuna,Curaçao,Midfield,True
Livano Comenencia,Curaçao,Midfield,True
Leandro Bacuna,Curaçao,Midfield,True
Tyrese Noslin,Curaçao,Midfield,True
Ar'jany Martha,Curaçao,Midfield,True
Kevin Felida,Curaçao,Midfield,True
Jurgen Locadia,Curaçao,Attack,True
Jeremy Antonisse,Curaçao,Attack,True
Sontje Hansen,Curaçao,Attack,True
Kenji Gorre,Curaçao,Attack,True
Jearl Margaritha,Curaçao,Attack,True
Brandley Kuwas,Curaçao,Attack,True
Gervane Kastaneer,Curaçao,Attack,True
Tahith Chong,Curaçao,Attack,True
Yahia Fofana,Ivory Coast,Goalkeeper,True
Mohamed Kone,Ivory Coast,Goalkeeper,True
Alban Lafont,Ivory Coast,Goalkeeper,True
Ousmane Diomande,Ivory Coast,Defender,True
Ghislain Konan,Ivory Coast,Defender,True
Wilfried Singo,Ivory Coast,Defender,True
Odilon Kossounou,Ivory Coast,Defender,True
Christopher Operi,Ivory Coast,Defender,True
Guela Doue,Ivory Coast,Defender,True
Emmanuel Agbadou,Ivory Coast,Defender,True
Evan Ndicka,Ivory Coast,Defender,True
Jean Michael Seri,Ivory Coast,Midfield,True
Seko Fofana,Ivory Coast,Midfield,True
Franck Kessie,Ivory Coast,Midfield,True
Ibrahim Sangare,Ivory Coast,Midfield,True
Parfait Guiagon,Ivory Coast,Midfield,True
Christ Inao Oulai,Ivory Coast,Midfield,True
Ange-Yoan Bonny,Ivory Coast,Attack,True
Simon Adingra,Ivory Coast,Attack,True
Yan Diomande,Ivory Coast,Attack,True
Elye Wahi,Ivory Coast,Attack,True
Oumar Diakite,Ivory Coast,Attack,True
Amad Diallo,Ivory Coast,Attack,True
Nicolas Pepe,Ivory Coast,Attack,True
Evann Guessand,Ivory Coast,Attack,True
Bazouamana Traore,Ivory Coast,Attack,True
Hernan Galindez,Ecuador,Goalkeeper,True
Moises Ramirez,Ecuador,Goalkeeper,True
Gonzalo Valle,Ecuador,Goalkeeper,True
Felix Torres,Ecuador,Defender,True
Piero Hincapie,Ecuador,Defender,True
Joel Ordonez,Ecuador,Defender,True
Willian Pacho,Ecuador,Defender,True
Pervis Estupinan,Ecuador,Defender,True
Angelo Preciado,Ecuador,Defender,True
Jackson Porozo,Ecuador,Defender,True
Denil Castillo,Ecuador,Midfield,True
John Yeboah,Ecuador,Midfield,True
Kendry Paez,Ecuador,Midfield,True
Alan Minda,Ecuador,Midfield,True
Pedro Vite,Ecuador,Midfield,True
Gonzalo Plata,Ecuador,Midfield,True
Moises Caicedo,Ecuador,Midfield,True
Yaimar Medina,Ecuador,Midfield,True
Kevin Rodriguez,Ecuador,Attack,True
Enner Valencia,Ecuador,Attack,True
Anthony Valencia,Ecuador,Attack,True
Jordy Caicedo,Ecuador,Attack,True
Nilson Angulo,Ecuador,Attack,True
Jeremy Arevalo,Ecuador,Attack,True
Bart Verbruggen,Netherlands,Goalkeeper,True
Robin Roefs,Netherlands,Goalkeeper,True
Mark Flekken,Netherlands,Goalkeeper,True
Jurrien Timber,Netherlands,Defender,True
Virgil van Dijk,Netherlands,Defender,True
Nathan Ake,Netherlands,Defender,True
Jan Paul van Hecke,Netherlands,Defender,True
Mats Wieffer,Netherlands,Defender,True
Micky van de Ven,Netherlands,Defender,True
Denzel Dumfries,Netherlands,Defender,True
Jorrel Hato,Netherlands,Defender,True
Marten de Roon,Netherlands,Midfield,True
Justin Kluivert,Netherlands,Midfield,True
Ryan Gravenberch,Netherlands,Midfield,True
Tijjani Reijnders,Netherlands,Midfield,True
Guus Til,Netherlands,Midfield,True
Teun Koopmeiners,Netherlands,Midfield,True
Frenkie de Jong,Netherlands,Midfield,True
Quinten Timber,Netherlands,Midfield,True
Wout Weghorst,Netherlands,Attack,True
Memphis Depay,Netherlands,Attack,True
Cody Gakpo,Netherlands,Attack,True
Noa Lang,Netherlands,Attack,True
Donyell Malen,Netherlands,Attack,True
Brian Brobbey,Netherlands,Attack,True
Crysencio Summerville,Netherlands,Attack,True
Zion Suzuki,Japan,Goalkeeper,True
Keisuke Osako,Japan,Goalkeeper,True
Tomoki Hayakawa,Japan,Goalkeeper,True
Yukinari Sugawara,Japan,Defender,True
Shogo Taniguchi,Japan,Defender,True
Ko Itakura,Japan,Defender,True
Yuta Nagatomo,Japan,Defender,True
Tsuyoshi Watanabe,Japan,Defender,True
Ayumu Seko,Japan,Defender,True
Hiroki Ito,Japan,Defender,True
Takehiro Tomiyasu,Japan,Defender,True
Junnosuke Suzuki,Japan,Defender,True
Wataru Endo,Japan,Midfield,True
Ao Tanaka,Japan,Midfield,True
Takefusa Kubo,Japan,Midfield,True
Ritsu Doan,Japan,Midfield,True
Keito Nakamura,Japan,Midfield,True
Junya Ito,Japan,Midfield,True
Daichi Kamada,Japan,Midfield,True
Kaishu Sano,Japan,Midfield,True
Keisuke Goto,Japan,Attack,True
Daizen Maeda,Japan,Attack,True
Yuito Suzuki,Japan,Attack,True
Ayase Ueda,Japan,Attack,True
Koki Ogawa,Japan,Attack,True
Kento Shiogai,Japan,Attack,True
Jacob Widell Zetterstrom,Sweden,Goalkeeper,True
Viktor Johansson,Sweden,Goalkeeper,True
Kristoffer Nordfeldt,Sweden,Goalkeeper,True
Gustaf Lagerbielke,Sweden,Defender,True
Victor Lindelof,Sweden,Defender,True
Isak Hien,Sweden,Defender,True
Gabriel Gudmundsson,Sweden,Defender,True
Herman Johansson,Sweden,Defender,True
Daniel Svensson,Sweden,Defender,True
Hjalmar Ekdal,Sweden,Defender,True
Carl Starfelt,Sweden,Defender,True
Eric Smith,Sweden,Defender,True
Elliot Stroud,Sweden,Defender,True
Lucas Bergvall,Sweden,Midfield,True
Ken Sema,Sweden,Midfield,True
Jesper Karlstrom,Sweden,Midfield,True
Yasin Ayari,Sweden,Midfield,True
Mattias Svanberg,Sweden,Midfield,True
Besfort Zeneli,Sweden,Midfield,True
Taha Ali,Sweden,Midfield,True
Alexander Isak,Sweden,Attack,True
Benjamin Nygren,Sweden,Attack,True
Anthony Elanga,Sweden,Attack,True
Viktor Gyokeres,Sweden,Attack,True
Alexander Bernhardsson,Sweden,Attack,True
Gustaf Nilsson,Sweden,Attack,True
Mouhib Chamakh,Tunisia,Goalkeeper,True
Aymen Dahmen,Tunisia,Goalkeeper,True
Sabri Ben Heesen,Tunisia,Goalkeeper,True
Ali Abdi,Tunisia,Defender,True
Montassar Talbi,Tunisia,Defender,True
Omar Rekik,Tunisia,Defender,True
Adem Arous,Tunisia,Defender,True
Dylan Bronn,Tunisia,Defender,True
Mortadha Ben Ouanes,Tunisia,Defender,True
Yan Valery,Tunisia,Defender,True
Mohamed Amine Ben Hamida,Tunisia,Defender,True
Moutas Neffati,Tunisia,Defender,True
Raed Chikhaoui,Tunisia,Defender,True
Hannibal Mejbri,Tunisia,Midfield,True
Ismael Gharbi,Tunisia,Midfield,True
Rani Khedira,Tunisia,Midfield,True
Khalil Ayari,Tunisia,Midfield,True
Hadj Mahmoud,Tunisia,Midfield,True
Ellyes Skhiri,Tunisia,Midfield,True
Anis Ben Slimane,Tunisia,Midfield,True
Sebastian Tounekti,Tunisia,Midfield,True
Elias Achouri,Tunisia,Attack,True
Elias Saad,Tunisia,Attack,True
Hazem Mastouri,Tunisia,Attack,True
Rayan Elloumi,Tunisia,Attack,True
Firas Chaouat,Tunisia,Attack,True
Thibaut Courtois,Belgium,Goalkeeper,True
Senne Lammens,Belgium,Goalkeeper,True
Mike Penders,Belgium,Goalkeeper,True
Zeno Debast,Belgium,Defender,True
Arthur Theate,Belgium,Defender,True
Branden Mechele,Belgium,Defender,True
Maxim De Cuyper,Belgium,Defender,True
Thomas Meunier,Belgium,Defender,True
Koni De Winter,Belgium,Defender,True
Joaquin Seys,Belgium,Defender,True
Timothy Castagne,Belgium,Defender,True
Nathan Ngoy,Belgium,Defender,True
Axel Witsel,Belgium,Midfield,True
Kevin De Bruyne,Belgium,Midfield,True
Youri Tielemans,Belgium,Midfield,True
Diego Moreira,Belgium,Midfield,True
Hans Vanaken,Belgium,Midfield,True
Alexis Saelemaekers,Belgium,Midfield,True
Nicolas Raskin,Belgium,Midfield,True
Amadou Onana,Belgium,Midfield,True
Romelu Lukaku,Belgium,Attack,True
Leandro Trossard,Belgium,Attack,True
Jeremy Doku,Belgium,Attack,True
Dodi Lukebakio,Belgium,Attack,True
Charles De Ketelaere,Belgium,Attack,True
Matias Fernandez-Pardo,Belgium,Attack,True
Mohamed El Shenawy,Egypt,Goalkeeper,True
El Mahdy Soliman,Egypt,Goalkeeper,True
Mostafa Shobeir,Egypt,Goalkeeper,True
Mohamed Alaa,Egypt,Goalkeeper,True
Yasser Ibrahim,Egypt,Defender,True
Mohamed Hany,Egypt,Defender,True
Hossam Abdelmaguid,Egypt,Defender,True
Ramy Rabia,Egypt,Defender,True
Mohamed Abdelmonem,Egypt,Defender,True
Ahmed Abou El Fotouh,Egypt,Defender,True
Karim Hafez,Egypt,Defender,True
Tarek Alaa,Egypt,Defender,True
Emam Ashour,Egypt,Midfield,True
Mostafa Ziko,Egypt,Midfield,True
Hamdy Fathy,Egypt,Midfield,True
Mohanad Lasheen,Egypt,Midfield,True
Nabil Emad,Egypt,Midfield,True
Marwan Attia,Egypt,Midfield,True
Mahmoud Saber,Egypt,Midfield,True
Trezeguet,Egypt,Attack,True
Hamza Abdelkarim,Egypt,Attack,True
Mohamed Salah,Egypt,Attack,True
Haissem Hassan,Egypt,Attack,True
Ibrahim Adel,Egypt,Attack,True
Omar Marmoush,Egypt,Attack,True
Zizo,Egypt,Attack,True
Alireza Beiranvand,Iran,Goalkeeper,True
Payam Niazmand,Iran,Goalkeeper,True
Hossein Hosseini,Iran,Goalkeeper,True
Saleh Hardani,Iran,Defender,True
Ehsan Hajsafi,Iran,Defender,True
Shojae Khalilzadeh,Iran,Defender,True
Milad Mohammadi,Iran,Defender,True
Hossein Kanaanizadegan,Iran,Defender,True
Aria Yousefi,Iran,Defender,True
Ali Nemati,Iran,Defender,True
Ramin Rezaeian,Iran,Defender,True
Danial Eiri,Iran,Defender,True
Saeid Ezatolahi,Iran,Midfield,True
Alireza Jahanbakhsh,Iran,Midfield,True
Mohammad Mohebi,Iran,Midfield,True
Saman Ghoddos,Iran,Midfield,True
Rouzbeh Cheshmi,Iran,Midfield,True
Mehdi Torabi,Iran,Midfield,True
Mohammad Ghorbani,Iran,Midfield,True
Amirmohammad Rassaghinia,Iran,Midfield,True
Mehdi Taremi,Iran,Attack,True
Mehdi Ghayedi,Iran,Attack,True
Ali Alipour,Iran,Attack,True
Amirhossein Hosseinzadeh,Iran,Attack,True
Shahriyar Moghanlou,Iran,Attack,True
Dennis Eckert,Iran,Attack,True
Max Crocombe,New Zealand,Goalkeeper,True
Alex Paulsen,New Zealand,Goalkeeper,True
Michael Woud,New Zealand,Goalkeeper,True
Tim Payne,New Zealand,Defender,True
Francis De Vries,New Zealand,Defender,True
Tyler Bindon,New Zealand,Defender,True
Michael Boxall,New Zealand,Defender,True
Liberato Cacace,New Zealand,Defender,True
Nando Pijnaker,New Zealand,Defender,True
Finn Surman,New Zealand,Defender,True
Callan Elliot,New Zealand,Defender,True
Tommy Smith,New Zealand,Defender,True
Joe Bell,New Zealand,Midfield,True
Marko Stamenic,New Zealand,Midfield,True
Alex Rufer,New Zealand,Midfield,True
Ryan Thomas,New Zealand,Midfield,True
Lachlan Bayliss,New Zealand,Midfield,True
Matt Garbett,New Zealand,Attack,True
Chris Wood,New Zealand,Attack,True
Sarpreet Singh,New Zealand,Attack,True
Eli Just,New Zealand,Attack,True
Kosta Barbarouses,New Zealand,Attack,True
Ben Waine,New Zealand,Attack,True
Ben Old,New Zealand,Attack,True
Callum McCowatt,New Zealand,Attack,True
Jesse Randall,New Zealand,Attack,True
David Raya,Spain,Goalkeeper,True
Joan Garcia,Spain,Goalkeeper,True
Unai Simon,Spain,Goalkeeper,True
Marc Pubill,Spain,Defender,True
Alex Grimaldo,Spain,Defender,True
Eric Garcia,Spain,Defender,True
Marcos Llorente,Spain,Defender,True
Pedro Porro,Spain,Defender,True
Aymeric Laporte,Spain,Defender,True
Pau Cubarsi,Spain,Defender,True
Marc Cucurella,Spain,Defender,True
Mikel Merino,Spain,Midfield,True
Fabian Ruiz,Spain,Midfield,True
Gavi,Spain,Midfield,True
Dani Olmo,Spain,Midfield,True
Alex Baena,Spain,Midfield,True
Rodri,Spain,Midfield,True
Martin Zubimendi,Spain,Midfield,True
Pedri,Spain,Midfield,True
Ferran Torres,Spain,Attack,True
Yeremy Pino,Spain,Attack,True
Nico Williams,Spain,Attack,True
Lamine Yamal,Spain,Attack,True
Mikel Oyarzabal,Spain,Attack,True
Victor Munoz,Spain,Attack,True
Borja Iglesias,Spain,Attack,True
Vozinha,Cape Verde,Goalkeeper,True
Marcio Rosa,Cape Verde,Goalkeeper,True
CJ dos Santos,Cape Verde,Goalkeeper,True
Stopira,Cape Verde,Defender,True
Diney,Cape Verde,Defender,True
Roberto Lopes,Cape Verde,Defender,True
Logan Costa,Cape Verde,Defender,True
Sidny Lopes Cabral,Cape Verde,Defender,True
Steven Moreira,Cape Verde,Defender,True
Wagner Pina,Cape Verde,Defender,True
Kelvin Pires,Cape Verde,Defender,True
Kevin Pina,Cape Verde,Midfield,True
Jovane Cabral,Cape Verde,Midfield,True
Joao Paulo,Cape Verde,Midfield,True
Jamiro Monteiro,Cape Verde,Midfield,True
Deroy Duarte,Cape Verde,Midfield,True
Laros Duarte,Cape Verde,Midfield,True
Yannick Semedo,Cape Verde,Midfield,True
Telmo Arcanjo,Cape Verde,Midfield,True
Nuno da Costa,Cape Verde,Midfield,True
Gilson Benchimol,Cape Verde,Attack,True
Garry Rodrigues,Cape Verde,Attack,True
Willy Semedo,Cape Verde,Attack,True
Dailon Livramento,Cape Verde,Attack,True
Ryan Mendes,Cape Verde,Attack,True
Helio Varela,Cape Verde,Attack,True
Nawaf Al-Aqidi,Saudi Arabia,Goalkeeper,True
Mohammed Al-Owais,Saudi Arabia,Goalkeeper,True
Ahmed Al-Kasser,Saudi Arabia,Goalkeeper,True
Ali Majrashi,Saudi Arabia,Defender,True
Ali Lajami,Saudi Arabia,Defender,True
Abdulelah Al-Amri,Saudi Arabia,Defender,True
Hassan Al-Tambakti,Saudi Arabia,Defender,True
Saud Abdulhamid,Saudi Arabia,Defender,True
Nawaf Boushal,Saudi Arabia,Defender,True
Hassan Kadesh,Saudi Arabia,Defender,True
Moteb Al-Harbi,Saudi Arabia,Defender,True
Jehad Thakri,Saudi Arabia,Defender,True
Mohammed Abu Al-Shamat,Saudi Arabia,Defender,True
Nasser Al-Dawsari,Saudi Arabia,Midfield,True
Musab Al-Juwayr,Saudi Arabia,Midfield,True
Abdullah Al-Khaibari,Saudi Arabia,Midfield,True
Ziyad Al-Johani,Saudi Arabia,Midfield,True
Alla Al-Heiji,Saudi Arabia,Midfield,True
Mohamed Kanno,Saudi Arabia,Midfield,True
Ayman Yahya,Saudi Arabia,Attack,True
Firas Al-Buraikan,Saudi Arabia,Attack,True
Salem Al-Dawsari,Saudi Arabia,Attack,True
Saleh Al-Shehri,Saudi Arabia,Attack,True
Khalid Al-Ghannam,Saudi Arabia,Attack,True
Abdullah Al-Hamdan,Saudi Arabia,Attack,True
Sultan Mandash,Saudi Arabia,Attack,True
Sergio Rochet,Uruguay,Goalkeeper,True
Santiago Mele,Uruguay,Goalkeeper,True
Fernando Muslera,Uruguay,Goalkeeper,True
Jose Maria Gimenez,Uruguay,Defender,True
Sebastian Caceres,Uruguay,Defender,True
Ronald Araujo,Uruguay,Defender,True
Guillermo Varela,Uruguay,Defender,True
Mathias Olivera,Uruguay,Defender,True
Matias Vina,Uruguay,Defender,True
Santiago Bueno,Uruguay,Defender,True
Manuel Ugarte,Uruguay,Midfield,True
Rodrigo Bentancur,Uruguay,Midfield,True
Nicolas de la Cruz,Uruguay,Midfield,True
Federico Valverde,Uruguay,Midfield,True
Giogian de Arrascaeta,Uruguay,Midfield,True
Agustin Canobbio,Uruguay,Midfield,True
Maximiliano Araujo,Uruguay,Midfield,True
Emiliano Martinez,Uruguay,Midfield,True
Joaquin Piquerez,Uruguay,Midfield,True
Juan Manuel Sanabria,Uruguay,Midfield,True
Rodrigo Zalazar,Uruguay,Midfield,True
Darwin Nunez,Uruguay,Attack,True
Facundo Pellistri,Uruguay,Attack,True
Brian Rodriguez,Uruguay,Attack,True
Rodrigo Aguirre,Uruguay,Attack,True
Federico Vinas,Uruguay,Attack,True
Brice Samba,France,Goalkeeper,True
Mike Maignan,France,Goalkeeper,True
Robin Risser,France,Goalkeeper,True
Malo Gusto,France,Defender,True
Lucas Digne,France,Defender,True
Dayot Upamecano,France,Defender,True
Jules Kounde,France,Defender,True
Ibrahima Konate,France,Defender,True
William Saliba,France,Defender,True
Theo Hernandez,France,Defender,True
Lucas Hernandez,France,Defender,True
Maxence Lacroix,France,Defender,True
Manu Kone,France,Midfield,True
Aurelien Tchouameni,France,Midfield,True
N'Golo Kante,France,Midfield,True
Adrien Rabiot,France,Midfield,True
Warren Zaire-Emery,France,Midfield,True
Ousmane Dembele,France,Attack,True
Marcus Thuram,France,Attack,True
Kylian Mbappe,France,Attack,True
Michael Olise,France,Attack,True
Bradley Barcola,France,Attack,True
Desire Doue,France,Attack,True
Jean-Philippe Mateta,France,Attack,True
Rayan Cherki,France,Attack,True
Maghnes Akliouche,France,Attack,True
Edouard Mendy,Senegal,Goalkeeper,True
Mory Diaw,Senegal,Goalkeeper,True
Yehvann Diouf,Senegal,Goalkeeper,True
Kalidou Koulibaly,Senegal,Defender,True
Krepin Diatta,Senegal,Defender,True
Moussa Niakhite,Senegal,Defender,True
Ismail Jakobs,Senegal,Defender,True
Abdoulaye Seck,Senegal,Defender,True
El Hadji Malick Diouf,Senegal,Defender,True
Mamadou Sarr,Senegal,Defender,True
Antoine Mendy,Senegal,Defender,True
Idrissa Gueye,Senegal,Midfield,True
Pape Gueye,Senegal,Midfield,True
Pape Matar Sarr,Senegal,Midfield,True
Pathe Ciss,Senegal,Midfield,True
Lamine Camara,Senegal,Midfield,True
Habib Diarra,Senegal,Midfield,True
Bara Ndiaye,Senegal,Midfield,True
Sadio Mane,Senegal,Attack,True
Ismaila Sarr,Senegal,Attack,True
Iliman Ndiaye,Senegal,Attack,True
Nicolas Jackson,Senegal,Attack,True
Bamba Dieng,Senegal,Attack,True
Cherif Ndiaye,Senegal,Attack,True
Ibrahim Mbaye,Senegal,Attack,True
Assane Diao,Senegal,Attack,True
Fahad Talib,Iraq,Goalkeeper,True
Jalal Hassan,Iraq,Goalkeeper,True
Ahmed Basil,Iraq,Goalkeeper,True
Rebin Sulaka,Iraq,Defender,True
Hussein Ali,Iraq,Defender,True
Zaid Tahseen,Iraq,Defender,True
Akam Hashim,Iraq,Defender,True
Manaf Younis,Iraq,Defender,True
Ahmed Maknzi,Iraq,Defender,True
Merchas Doski,Iraq,Defender,True
Mustafa Saadoon,Iraq,Defender,True
Frans Putros,Iraq,Defender,True
Youssef Amyn,Iraq,Midfield,True
Ibrahim Bayesh,Iraq,Midfield,True
Zidane Iqbal,Iraq,Midfield,True
Amir Al-Ammari,Iraq,Midfield,True
Kevin Yakob,Iraq,Midfield,True
Aimar Sher,Iraq,Midfield,True
Zaid Ismail,Iraq,Midfield,True
Ali Al-Hamadi,Iraq,Attack,True
Mohanad Ali,Iraq,Attack,True
Ahmed Qasem,Iraq,Attack,True
Ali Yousuf,Iraq,Attack,True
Ali Jasim,Iraq,Attack,True
Aymen Hussein,Iraq,Attack,True
Marko Farji,Iraq,Attack,True
Orjan Nyland,Norway,Goalkeeper,True
Sander Tangvik,Norway,Goalkeeper,True
Egil Selvik,Norway,Goalkeeper,True
Kristoffer Ajer,Norway,Defender,True
Leo Ostigard,Norway,Defender,True
David Moller Wolfe,Norway,Defender,True
Fredrik Andre Bjorkan,Norway,Defender,True
Marcus Holmgren Pedersen,Norway,Defender,True
Torbjorn Heggem,Norway,Defender,True
Sondre Langas,Norway,Defender,True
Henrik Falchener,Norway,Defender,True
Mathias Normann,Norway,Midfield,True
Sander Berge,Norway,Midfield,True
Martin Odegaard,Norway,Midfield,True
Fredrik Aursnes,Norway,Midfield,True
Kristian Thorstvedt,Norway,Midfield,True
Julian Ryerson,Norway,Midfield,True
Erling Haaland,Norway,Attack,True
Alexander Sorloth,Norway,Attack,True
Jens Petter Hauge,Norway,Attack,True
Ohi Omoijuanfo,Norway,Attack,True
Emiliano Martinez,Argentina,Goalkeeper,True
Geronimo Rulli,Argentina,Goalkeeper,True
Juan Musso,Argentina,Goalkeeper,True
Leonardo Balerdi,Argentina,Defender,True
Nicolas Tagliafico,Argentina,Defender,True
Gonzalo Montiel,Argentina,Defender,True
Lisandro Martinez,Argentina,Defender,True
Cristian Romero,Argentina,Defender,True
Nicolas Otamendi,Argentina,Defender,True
Facundo Medina,Argentina,Defender,True
Nahuel Molina,Argentina,Defender,True
Leandro Paredes,Argentina,Midfield,True
Rodrigo De Paul,Argentina,Midfield,True
Valentin Barco,Argentina,Midfield,True
Giovani Lo Celso,Argentina,Midfield,True
Exequiel Palacios,Argentina,Midfield,True
Enzo Fernandez,Argentina,Midfield,True
Alexis Mac Allister,Argentina,Midfield,True
Julian Alvarez,Argentina,Attack,True
Lionel Messi,Argentina,Attack,True
Nicolas Gonzalez,Argentina,Attack,True
Thiago Almada,Argentina,Attack,True
Giuliano Simeone,Argentina,Attack,True
Nico Paz,Argentina,Attack,True
Jose Manuel Lopez,Argentina,Attack,True
Lautaro Martinez,Argentina,Attack,True
Oussama Benbot,Algeria,Goalkeeper,True
Melvin Masstil,Algeria,Goalkeeper,True
Luca Zidane,Algeria,Goalkeeper,True
Ramy Bensebaini,Algeria,Defender,True
Djamel Benlamri,Algeria,Defender,True
Aissa Mandi,Algeria,Defender,True
Mehdi Zerkane,Algeria,Defender,True
Hichem Boudaoui,Algeria,Defender,True
Farid Boulaya,Algeria,Defender,True
Ismael Bennacer,Algeria,Defender,True
Sofiane Feghouli,Algeria,Midfield,True
Youcef Atal,Algeria,Midfield,True
Samy Mmaee,Algeria,Midfield,True
Andy Delort,Algeria,Midfield,True
Islam Slimani,Algeria,Midfield,True
Samir Benrahma,Algeria,Midfield,True
Riyad Mahrez,Algeria,Attack,True
Baghdad Bounedjah,Algeria,Attack,True
Billal Brahimi,Algeria,Attack,True
Amir Sayoud,Algeria,Attack,True
Mohamed Amoura,Algeria,Attack,True
Nassim Slimane,Algeria,Attack,True
Patrick Pentz,Austria,Goalkeeper,True
Heinz Lindner,Austria,Goalkeeper,True
Daniel Bachmann,Austria,Goalkeeper,True
Maximilian Wober,Austria,Defender,True
Philipp Lienhart,Austria,Defender,True
Kevin Danso,Austria,Defender,True
Stefan Posch,Austria,Defender,True
Phillipp Mwene,Austria,Defender,True
Flavius Daniliuc,Austria,Defender,True
Leopold Querfeld,Austria,Defender,True
Marcel Sabitzer,Austria,Midfield,True
Florian Grillitsch,Austria,Midfield,True
Christoph Baumgartner,Austria,Midfield,True
Nicolas Seiwald,Austria,Midfield,True
Patrick Wimmer,Austria,Midfield,True
Philipp Lienhart,Austria,Midfield,True
Romano Schmid,Austria,Midfield,True
Konrad Laimer,Austria,Midfield,True
Marko Arnautovic,Austria,Attack,True
Michael Gregoritsch,Austria,Attack,True
Andreas Weimann,Austria,Attack,True
Patrick Wimmer,Austria,Attack,True
Florian Kainz,Austria,Attack,True
Guido Burgstaller,Austria,Attack,True
Mika Biereth,Austria,Attack,True
Khaled Al-Bawwab,Jordan,Goalkeeper,True
Ibrahim Abu Zaid,Jordan,Goalkeeper,True
Rami Hamadeh,Jordan,Goalkeeper,True
Yazan Al-Naimat,Jordan,Defender,True
Baha Faisal,Jordan,Defender,True
Mohammad Al-Dmeiri,Jordan,Defender,True
Shadi Abu Hashhash,Jordan,Defender,True
Raed Saleh,Jordan,Defender,True
Ahmad Ibrahim,Jordan,Defender,True
Basel Hafsa,Jordan,Defender,True
Musa Al-Tamari,Jordan,Midfield,True
Ihsan Haddad,Jordan,Midfield,True
Yazan Alaaeldin,Jordan,Midfield,True
Ahmad Salam,Jordan,Midfield,True
Hussam Abul Foul,Jordan,Midfield,True
Abdallah Nasib,Jordan,Midfield,True
Obada Al-Aqrabawi,Jordan,Midfield,True
Ali Olwan,Jordan,Attack,True
Mahmoud Al-Mardi,Jordan,Attack,True
Firas Al-Hajj,Jordan,Attack,True
Khaled Al-Azzam,Jordan,Attack,True
Ahmad Qandah,Jordan,Attack,True
Hamza Alriyati,Jordan,Attack,True
Diogo Costa,Portugal,Goalkeeper,True
Jose Sa,Portugal,Goalkeeper,True
Rui Silva,Portugal,Goalkeeper,True
Ruben Dias,Portugal,Defender,True
Joao Cancelo,Portugal,Defender,True
Nuno Mendes,Portugal,Defender,True
Pepe,Portugal,Defender,True
Danilo Pereira,Portugal,Defender,True
Antonio Silva,Portugal,Defender,True
Toti Gomes,Portugal,Defender,True
Nelson Semedo,Portugal,Defender,True
Bruno Fernandes,Portugal,Midfield,True
Joao Palhinha,Portugal,Midfield,True
Vitinha,Portugal,Midfield,True
Bernardo Silva,Portugal,Midfield,True
Ruben Neves,Portugal,Midfield,True
Joao Neves,Portugal,Midfield,True
Otavio,Portugal,Midfield,True
Cristiano Ronaldo,Portugal,Attack,True
Rafael Leao,Portugal,Attack,True
Pedro Neto,Portugal,Attack,True
Joao Felix,Portugal,Attack,True
Goncalo Ramos,Portugal,Attack,True
Pedro Gonçalves,Portugal,Attack,True
Diogo Jota,Portugal,Attack,True
Bruma,Portugal,Attack,True
Joel Kiassumbua,DR Congo,Goalkeeper,True
Lionel Mpasi,DR Congo,Goalkeeper,True
Arsene Zola,DR Congo,Goalkeeper,True
Chancel Mbemba,DR Congo,Defender,True
Marcel Tisserand,DR Congo,Defender,True
Ngonda Muzinga,DR Congo,Defender,True
Joel Beya,DR Congo,Defender,True
Arthur Masuaku,DR Congo,Defender,True
Meschak Elia,DR Congo,Defender,True
Fiston Mayele,DR Congo,Defender,True
Yoane Wissa,DR Congo,Midfield,True
Cédric Bakambu,DR Congo,Midfield,True
Ilaix Moriba,DR Congo,Midfield,True
Nany Ngolo,DR Congo,Midfield,True
Tokelo Rantie,DR Congo,Midfield,True
Gael Kakuta,DR Congo,Midfield,True
Samuel Moutoussamy,DR Congo,Midfield,True
Silas,DR Congo,Attack,True
Meschak Elia,DR Congo,Attack,True
Christian Luyindama,DR Congo,Attack,True
Fiston Mayele,DR Congo,Attack,True
Jonathan Bolingi,DR Congo,Attack,True
Britt Assombalonga,DR Congo,Attack,True
Jeremy Doku,DR Congo,Attack,True
Eldorbek Suyunov,Uzbekistan,Goalkeeper,True
Jasurbek Yakhshiboev,Uzbekistan,Goalkeeper,True
Abbosbek Fayzullaev,Uzbekistan,Goalkeeper,True
Eldor Shomurodov,Uzbekistan,Defender,True
Ikrom Alibaev,Uzbekistan,Defender,True
Sherzod Qodirov,Uzbekistan,Defender,True
Bobur Abdikholiqov,Uzbekistan,Defender,True
Husan Toshmatov,Uzbekistan,Defender,True
Jahongir Sidiqov,Uzbekistan,Defender,True
Otabek Shukurov,Uzbekistan,Defender,True
Jaloliddin Masharipov,Uzbekistan,Midfield,True
Otabek Fayzullaev,Uzbekistan,Midfield,True
Khurshid Tursunov,Uzbekistan,Midfield,True
Dostonbek Khamdamov,Uzbekistan,Midfield,True
Eldor Shomurodov,Uzbekistan,Midfield,True
Jamshid Iskanderov,Uzbekistan,Midfield,True
Abbosbek Fayzullaev,Uzbekistan,Midfield,True
Eldor Shomurodov,Uzbekistan,Attack,True
Bobur Abdikholiqov,Uzbekistan,Attack,True
Oybek Bozorov,Uzbekistan,Attack,True
Shamsiddin Yakhshiboev,Uzbekistan,Attack,True
Feruz Djalilov,Uzbekistan,Attack,True
David Ospina,Colombia,Goalkeeper,True
Camilo Vargas,Colombia,Goalkeeper,True
Alvaro Montero,Colombia,Goalkeeper,True
Daniel Munoz,Colombia,Defender,True
Davinson Sanchez,Colombia,Defender,True
Yerry Mina,Colombia,Defender,True
Johan Mojica,Colombia,Defender,True
Carlos Cuesta,Colombia,Defender,True
Oscar Murillo,Colombia,Defender,True
Stefan Medina,Colombia,Defender,True
Jefferson Lerma,Colombia,Midfield,True
Mateus Uribe,Colombia,Midfield,True
Richard Rios,Colombia,Midfield,True
Juan Cuadrado,Colombia,Midfield,True
Sebastian Villa,Colombia,Midfield,True
Juan Fernando Quintero,Colombia,Midfield,True
Luis Diaz,Colombia,Attack,True
Jhon Duran,Colombia,Attack,True
Rafael Santos Borre,Colombia,Attack,True
Cucho Hernandez,Colombia,Attack,True
Miguel Borja,Colombia,Attack,True
Radamel Falcao,Colombia,Attack,True
Jhon Arias,Colombia,Attack,True
Jordan Pickford,England,Goalkeeper,True
Dean Henderson,England,Goalkeeper,True
James Trafford,England,Goalkeeper,True
Reece James,England,Defender,True
Ezri Konsa,England,Defender,True
Jarell Quansah,England,Defender,True
John Stones,England,Defender,True
Marc Guehi,England,Defender,True
Dan Burn,England,Defender,True
Nico O'Reilly,England,Defender,True
Djed Spence,England,Defender,True
Tino Livramento,England,Defender,True
Declan Rice,England,Midfield,True
Elliot Anderson,England,Midfield,True
Kobbie Mainoo,England,Midfield,True
Jordan Henderson,England,Midfield,True
Morgan Rogers,England,Midfield,True
Jude Bellingham,England,Midfield,True
Eberechi Eze,England,Midfield,True
Harry Kane,England,Attack,True
Ivan Toney,England,Attack,True
Ollie Watkins,England,Attack,True
Bukayo Saka,England,Attack,True
Marcus Rashford,England,Attack,True
Anthony Gordon,England,Attack,True
Noni Madueke,England,Attack,True
Dominik Livakovic,Croatia,Goalkeeper,True
Ivica Ivusic,Croatia,Goalkeeper,True
Ivo Grbic,Croatia,Goalkeeper,True
Josip Juranovic,Croatia,Defender,True
Borna Sosa,Croatia,Defender,True
Duje Caleta-Car,Croatia,Defender,True
Martin Erlic,Croatia,Defender,True
Josip Stanisic,Croatia,Defender,True
Domagoj Vida,Croatia,Defender,True
Domagoj Bradaric,Croatia,Defender,True
Luka Modric,Croatia,Midfield,True
Mateo Kovacic,Croatia,Midfield,True
Marcelo Brozovic,Croatia,Midfield,True
Ivan Perisic,Croatia,Midfield,True
Mario Pasalic,Croatia,Midfield,True
Lovro Majer,Croatia,Midfield,True
Martin Baturina,Croatia,Midfield,True
Andrej Kramaric,Croatia,Attack,True
Bruno Petkovic,Croatia,Attack,True
Ivan Perisic,Croatia,Attack,True
Marko Livaja,Croatia,Attack,True
Petar Suchic,Croatia,Attack,True
Luka Ivanusec,Croatia,Attack,True
Lawrence Ati-Zigi,Ghana,Goalkeeper,True
Ibrahim Danlad,Ghana,Goalkeeper,True
Frederick Asare,Ghana,Goalkeeper,True
Andy Yiadom,Ghana,Defender,True
Abdul Mumin,Ghana,Defender,True
Alexander Djiku,Ghana,Defender,True
Daniel Amartey,Ghana,Defender,True
Gideon Mensah,Ghana,Defender,True
Baba Rahman,Ghana,Defender,True
Alidu Seidu,Ghana,Defender,True
Tariq Lamptey,Ghana,Defender,True
Thomas Partey,Ghana,Midfield,True
Mohammed Kudus,Ghana,Midfield,True
Daniel-Kofi Kyereh,Ghana,Midfield,True
Iddrisu Baba,Ghana,Midfield,True
Andre Ayew,Ghana,Midfield,True
Salis Abdul Samed,Ghana,Midfield,True
Elisha Owusu,Ghana,Midfield,True
Kamaldeen Sulemana,Ghana,Attack,True
Christopher Bonsu Baah,Ghana,Attack,True
Ernest Nuamah,Ghana,Attack,True
Antoine Semenyo,Ghana,Attack,True
Brandon Thomas-Asante,Ghana,Attack,True
Prince Kwabena Adu,Ghana,Attack,True
Inaki Williams,Ghana,Attack,True
Jordan Ayew,Ghana,Attack,True
Orlando Mosquera,Panama,Goalkeeper,True
Luis Mejia,Panama,Goalkeeper,True
Cesar Samudio,Panama,Goalkeeper,True
Cesar Blackman,Panama,Defender,True
Jorge Gutierrez,Panama,Defender,True
Amir Murillo,Panama,Defender,True
Fidel Escobar,Panama,Defender,True
Andres Andrade,Panama,Defender,True
Edgardo Farina,Panama,Defender,True
Jose Cordoba,Panama,Defender,True
Eric Davis,Panama,Defender,True
Jiovany Ramos,Panama,Defender,True
Roderick Miller,Panama,Defender,True
Anibal Godoy,Panama,Midfield,True
Carlos Harvey,Panama,Midfield,True
Cristian Martinez,Panama,Midfield,True
Jose Luis Rodriguez,Panama,Midfield,True
Cesar Yanis,Panama,Midfield,True
Yoel Barcenas,Panama,Midfield,True
Azarias Londono,Panama,Midfield,True
Adalberto Carrasquilla,Panama,Midfield,True
Alberto Quintero,Panama,Midfield,True
Ismael Diaz,Panama,Attack,True
Cecilio Waterman,Panama,Attack,True
Jose Fajardo,Panama,Attack,True
Tomas Rodriguez,Panama,Attack,True
